entry_time,direction,original_outcome,original_pnl,swapped_outcome,swapped_pnl,pnl_difference
2025-08-20 00:00:00,SHORT,TAKE_PROFIT,0.9954,TAKE_PROFIT,0.9954,0.0
2025-08-20 01:00:00,SHORT,TAKE_PROFIT,0.981,TAKE_PROFIT,0.981,0.0
2025-08-20 02:00:00,SHORT,TAKE_PROFIT,1.016,TAKE_PROFIT,1.016,-0.0
2025-08-20 03:00:00,SHORT,TAKE_PROFIT,1.0103,TAKE_PROFIT,1.0103,-0.0
2025-08-20 04:00:00,SHORT,TAKE_PROFIT,0.9754,TAKE_PROFIT,0.9754,0.0
2025-08-20 05:00:00,SHORT,TAKE_PROFIT,0.9331,TAKE_PROFIT,0.9331,-0.0
2025-08-20 06:00:00,SHORT,TAKE_PROFIT,0.901,TAKE_PROFIT,0.901,-0.0
2025-08-20 07:00:00,SHORT,TAKE_PROFIT,0.866,TAKE_PROFIT,0.866,0.0
2025-08-20 08:00:00,SHORT,TAKE_PROFIT,0.8542,TAKE_PROFIT,0.8542,0.0
2025-08-20 09:00:00,SHORT,TAKE_PROFIT,0.8665,TAKE_PROFIT,0.8665,-0.0
2025-08-20 10:00:00,SHORT,TAKE_PROFIT,0.8534,TAKE_PROFIT,0.8534,0.0
2025-08-21 15:00:00,SHORT,TAKE_PROFIT,0.9837,TAKE_PROFIT,0.9837,0.0
2025-08-21 16:00:00,SHORT,TAKE_PROFIT,1.0164,TAKE_PROFIT,1.0164,-0.0
2025-08-21 17:00:00,SHORT,TAKE_PROFIT,1.0278,TAKE_PROFIT,1.0278,0.0
2025-08-21 18:00:00,SHORT,TAKE_PROFIT,1.0037,TAKE_PROFIT,1.0037,-0.0
2025-08-21 19:00:00,SHORT,TAKE_PROFIT,0.9882,TAKE_PROFIT,0.9882,0.0
2025-08-21 20:00:00,SHORT,TAKE_PROFIT,1.0129,TAKE_PROFIT,1.0129,0.0
2025-08-21 21:00:00,SHORT,TAKE_PROFIT,1.0367,TAKE_PROFIT,1.0367,0.0
2025-08-21 22:00:00,SHORT,TAKE_PROFIT,1.0395,TAKE_PROFIT,1.0395,-0.0
2025-08-21 23:00:00,SHORT,TAKE_PROFIT,1.0027,TAKE_PROFIT,1.0027,-0.0
2025-08-22 00:00:00,SHORT,TAKE_PROFIT,0.9614,TAKE_PROFIT,0.9614,-0.0
2025-08-22 01:00:00,SHORT,TAKE_PROFIT,0.9357,TAKE_PROFIT,0.9357,0.0
2025-08-22 02:00:00,SHORT,TAKE_PROFIT,0.9401,TAKE_PROFIT,0.9401,0.0
2025-08-22 03:00:00,SHORT,TAKE_PROFIT,0.9625,TAKE_PROFIT,0.9625,-0.0
2025-08-22 04:00:00,SHORT,TAKE_PROFIT,0.9643,TAKE_PROFIT,0.9643,0.0
2025-08-22 05:00:00,SHORT,TAKE_PROFIT,0.9634,TAKE_PROFIT,0.9634,-0.0
2025-08-22 06:00:00,SHORT,TAKE_PROFIT,0.9439,TAKE_PROFIT,0.9439,0.0
2025-08-22 07:00:00,SHORT,TAKE_PROFIT,0.9448,TAKE_PROFIT,0.9448,0.0
2025-08-22 08:00:00,SHORT,TAKE_PROFIT,0.9137,TAKE_PROFIT,0.9137,0.0
2025-08-22 09:00:00,SHORT,TAKE_PROFIT,0.8939,TAKE_PROFIT,0.8939,-0.0
2025-08-23 15:00:00,SHORT,TAKE_PROFIT,0.8154,TAKE_PROFIT,0.8154,-0.0
2025-08-23 16:00:00,SHORT,TAKE_PROFIT,0.804,TAKE_PROFIT,0.804,0.0
2025-08-23 17:00:00,SHORT,TAKE_PROFIT,0.7945,TAKE_PROFIT,0.7945,-0.0
2025-08-23 18:00:00,SHORT,TAKE_PROFIT,0.7616,TAKE_PROFIT,0.7616,0.0
2025-08-23 19:00:00,SHORT,TAKE_PROFIT,0.7226,TAKE_PROFIT,0.7226,-0.0
2025-08-23 20:00:00,SHORT,TAKE_PROFIT,0.6845,TAKE_PROFIT,0.6845,0.0
2025-08-23 21:00:00,SHORT,TAKE_PROFIT,0.6608,TAKE_PROFIT,0.6608,-0.0
2025-08-23 22:00:00,SHORT,TAKE_PROFIT,0.6523,TAKE_PROFIT,0.6523,0.0
2025-08-23 23:00:00,SHORT,TAKE_PROFIT,0.6397,TAKE_PROFIT,0.6397,-0.0
2025-08-24 00:00:00,SHORT,TAKE_PROFIT,0.6146,TAKE_PROFIT,0.6146,0.0
2025-08-24 01:00:00,SHORT,TAKE_PROFIT,0.598,TAKE_PROFIT,0.598,0.0
2025-08-24 02:00:00,SHORT,TAKE_PROFIT,0.5998,TAKE_PROFIT,0.5998,-0.0
2025-08-24 17:00:00,SHORT,TAKE_PROFIT,0.5482,TAKE_PROFIT,0.5482,-0.0
2025-08-24 18:00:00,SHORT,TAKE_PROFIT,0.5462,TAKE_PROFIT,0.5462,0.0
2025-08-24 19:00:00,SHORT,TAKE_PROFIT,-0.6788,STOP_LOSS,-0.6788,0.0
2025-08-24 20:00:00,SHORT,TAKE_PROFIT,1.0671,TAKE_PROFIT,1.0671,0.0
2025-08-24 21:00:00,SHORT,TAKE_PROFIT,1.1591,TAKE_PROFIT,1.1591,-0.0
2025-08-24 22:00:00,SHORT,TAKE_PROFIT,1.2006,TAKE_PROFIT,1.2006,0.0
2025-08-24 23:00:00,SHORT,TAKE_PROFIT,1.2182,TAKE_PROFIT,1.2182,0.0
2025-08-25 00:00:00,SHORT,TAKE_PROFIT,1.1693,TAKE_PROFIT,1.1693,0.0
2025-08-25 01:00:00,SHORT,TAKE_PROFIT,1.2639,TAKE_PROFIT,1.2639,-0.0
2025-08-25 02:00:00,SHORT,TAKE_PROFIT,1.2332,TAKE_PROFIT,1.2332,0.0
2025-08-25 16:00:00,SHORT,TAKE_PROFIT,1.2843,TAKE_PROFIT,1.2843,-0.0
2025-08-25 17:00:00,SHORT,TAKE_PROFIT,1.3016,TAKE_PROFIT,1.3016,-0.0
2025-08-25 18:00:00,SHORT,TAKE_PROFIT,1.2886,TAKE_PROFIT,1.2886,0.0
2025-08-25 19:00:00,SHORT,TAKE_PROFIT,1.2436,TAKE_PROFIT,1.2436,-0.0
2025-08-25 20:00:00,SHORT,TAKE_PROFIT,1.4018,TAKE_PROFIT,1.4018,-0.0
2025-08-25 21:00:00,SHORT,TAKE_PROFIT,1.5319,TAKE_PROFIT,1.5319,-0.0
2025-08-25 22:00:00,SHORT,TAKE_PROFIT,1.5478,TAKE_PROFIT,1.5478,-0.0
2025-08-25 23:00:00,SHORT,TAKE_PROFIT,1.5241,TAKE_PROFIT,1.5241,0.0
2025-08-26 00:00:00,SHORT,TAKE_PROFIT,1.4765,TAKE_PROFIT,1.4765,-0.0
2025-08-26 01:00:00,SHORT,TAKE_PROFIT,1.5387,TAKE_PROFIT,1.5387,-0.0
2025-08-26 02:00:00,SHORT,TAKE_PROFIT,1.5788,TAKE_PROFIT,1.5788,0.0
2025-08-26 03:00:00,SHORT,TAKE_PROFIT,1.5331,TAKE_PROFIT,1.5331,0.0
2025-08-26 04:00:00,SHORT,TAKE_PROFIT,1.4839,TAKE_PROFIT,1.4839,0.0
2025-08-26 05:00:00,SHORT,TAKE_PROFIT,1.418,TAKE_PROFIT,1.418,0.0
2025-08-26 06:00:00,SHORT,TAKE_PROFIT,1.3494,TAKE_PROFIT,1.3494,0.0
2025-08-26 07:00:00,SHORT,TAKE_PROFIT,1.3113,TAKE_PROFIT,1.3113,0.0
2025-08-26 08:00:00,SHORT,TAKE_PROFIT,1.3141,TAKE_PROFIT,1.3141,-0.0
2025-08-26 09:00:00,SHORT,TAKE_PROFIT,1.2788,TAKE_PROFIT,1.2788,0.0
2025-08-26 10:00:00,SHORT,TAKE_PROFIT,1.2337,TAKE_PROFIT,1.2337,-0.0
2025-08-26 11:00:00,SHORT,TAKE_PROFIT,1.189,TAKE_PROFIT,1.189,0.0
2025-08-26 12:00:00,SHORT,TAKE_PROFIT,1.1938,TAKE_PROFIT,1.1938,0.0
2025-08-26 13:00:00,SHORT,TAKE_PROFIT,1.2589,TAKE_PROFIT,1.2589,-0.0
2025-08-26 14:00:00,SHORT,TAKE_PROFIT,1.288,TAKE_PROFIT,1.288,0.0
2025-08-26 15:00:00,SHORT,TAKE_PROFIT,1.2879,TAKE_PROFIT,1.2879,-0.0
2025-08-26 16:00:00,SHORT,TAKE_PROFIT,1.3325,TAKE_PROFIT,1.3325,0.0
2025-08-27 16:00:00,SHORT,TAKE_PROFIT,1.0623,TAKE_PROFIT,1.0623,-0.0
2025-08-27 17:00:00,SHORT,TAKE_PROFIT,1.0723,TAKE_PROFIT,1.0723,0.0
2025-08-27 18:00:00,SHORT,TAKE_PROFIT,1.0628,TAKE_PROFIT,1.0628,0.0
2025-08-29 03:00:00,SHORT,TAKE_PROFIT,0.9465,TAKE_PROFIT,0.9465,-0.0
2025-08-29 04:00:00,SHORT,TAKE_PROFIT,0.941,TAKE_PROFIT,0.941,-0.0
2025-08-29 05:00:00,SHORT,TAKE_PROFIT,0.9288,TAKE_PROFIT,0.9288,0.0
2025-08-29 06:00:00,SHORT,TAKE_PROFIT,0.9194,TAKE_PROFIT,0.9194,-0.0
2025-08-29 07:00:00,SHORT,TAKE_PROFIT,0.9081,TAKE_PROFIT,0.9081,0.0
2025-08-29 08:00:00,SHORT,TAKE_PROFIT,1.0298,TAKE_PROFIT,1.0298,0.0
2025-08-29 09:00:00,SHORT,TAKE_PROFIT,1.0457,TAKE_PROFIT,1.0457,-0.0
2025-08-29 10:00:00,SHORT,TAKE_PROFIT,1.0352,TAKE_PROFIT,1.0352,0.0
2025-08-29 11:00:00,SHORT,TAKE_PROFIT,0.9938,TAKE_PROFIT,0.9938,-0.0
2025-08-29 12:00:00,SHORT,TAKE_PROFIT,0.9611,TAKE_PROFIT,0.9611,0.0
2025-08-29 13:00:00,SHORT,TAKE_PROFIT,1.0686,TAKE_PROFIT,1.0686,0.0
2025-08-29 14:00:00,SHORT,TAKE_PROFIT,1.2522,TAKE_PROFIT,1.2522,-0.0
2025-08-29 15:00:00,SHORT,TAKE_PROFIT,1.3595,TAKE_PROFIT,1.3595,-0.0
2025-08-29 17:00:00,SHORT,TAKE_PROFIT,1.3242,TAKE_PROFIT,1.3242,-0.0
2025-08-29 18:00:00,SHORT,TAKE_PROFIT,1.306,TAKE_PROFIT,1.306,0.0
2025-08-29 19:00:00,SHORT,TAKE_PROFIT,1.269,TAKE_PROFIT,1.269,-0.0
2025-08-29 20:00:00,SHORT,TAKE_PROFIT,1.2861,TAKE_PROFIT,1.2861,-0.0
2025-08-30 07:00:00,SHORT,TAKE_PROFIT,1.0664,TAKE_PROFIT,1.0664,-0.0
2025-08-30 08:00:00,SHORT,TAKE_PROFIT,1.0397,TAKE_PROFIT,1.0397,0.0
2025-08-31 16:00:00,SHORT,TAKE_PROFIT,0.5864,TAKE_PROFIT,0.5864,-0.0
2025-08-31 17:00:00,SHORT,TAKE_PROFIT,0.5959,TAKE_PROFIT,0.5959,0.0
2025-08-31 18:00:00,SHORT,TAKE_PROFIT,0.57,TAKE_PROFIT,0.57,-0.0
2025-08-31 19:00:00,SHORT,TAKE_PROFIT,0.5665,TAKE_PROFIT,0.5665,-0.0
2025-08-31 20:00:00,SHORT,TAKE_PROFIT,0.5581,TAKE_PROFIT,0.5581,0.0
2025-08-31 21:00:00,SHORT,TAKE_PROFIT,0.5486,TAKE_PROFIT,0.5486,-0.0
2025-08-31 22:00:00,SHORT,TAKE_PROFIT,0.5303,TAKE_PROFIT,0.5303,-0.0
2025-08-31 23:00:00,SHORT,TAKE_PROFIT,0.5538,TAKE_PROFIT,0.5538,-0.0
2025-09-04 12:00:00,SHORT,TAKE_PROFIT,0.8451,TAKE_PROFIT,0.8451,0.0
2025-09-04 13:00:00,SHORT,TAKE_PROFIT,0.8591,TAKE_PROFIT,0.8591,-0.0
2025-09-04 14:00:00,SHORT,TAKE_PROFIT,0.8995,TAKE_PROFIT,0.8995,0.0
2025-09-04 15:00:00,SHORT,TAKE_PROFIT,0.9444,TAKE_PROFIT,0.9444,-0.0
2025-09-04 16:00:00,SHORT,TAKE_PROFIT,0.9485,TAKE_PROFIT,0.9485,0.0
2025-09-04 17:00:00,SHORT,TAKE_PROFIT,0.9255,TAKE_PROFIT,0.9255,0.0
2025-09-04 18:00:00,SHORT,TAKE_PROFIT,0.9184,TAKE_PROFIT,0.9184,-0.0
2025-09-04 19:00:00,SHORT,TAKE_PROFIT,0.9156,TAKE_PROFIT,0.9156,-0.0
2025-09-04 20:00:00,SHORT,TAKE_PROFIT,0.9012,TAKE_PROFIT,0.9012,-0.0
2025-09-04 21:00:00,SHORT,TAKE_PROFIT,0.916,TAKE_PROFIT,0.916,-0.0
2025-09-04 22:00:00,SHORT,TAKE_PROFIT,0.8763,TAKE_PROFIT,0.8763,0.0
2025-09-04 23:00:00,SHORT,TAKE_PROFIT,0.9453,TAKE_PROFIT,0.9453,0.0
2025-09-06 02:00:00,SHORT,TAKE_PROFIT,1.0489,TAKE_PROFIT,1.0489,0.0
2025-09-06 03:00:00,SHORT,TAKE_PROFIT,1.0303,TAKE_PROFIT,1.0303,-0.0
2025-09-06 04:00:00,SHORT,TAKE_PROFIT,0.9942,TAKE_PROFIT,0.9942,0.0
2025-09-06 05:00:00,SHORT,TAKE_PROFIT,0.9612,TAKE_PROFIT,0.9612,-0.0
2025-09-06 06:00:00,SHORT,TAKE_PROFIT,0.9138,TAKE_PROFIT,0.9138,0.0
2025-09-06 07:00:00,SHORT,TAKE_PROFIT,0.861,TAKE_PROFIT,0.861,0.0
2025-09-06 08:00:00,SHORT,TAKE_PROFIT,0.8078,TAKE_PROFIT,0.8078,-0.0
2025-09-06 09:00:00,SHORT,TAKE_PROFIT,0.772,TAKE_PROFIT,0.772,0.0
2025-09-06 10:00:00,SHORT,TAKE_PROFIT,0.7484,TAKE_PROFIT,0.7484,0.0
2025-09-06 11:00:00,SHORT,TAKE_PROFIT,0.7081,TAKE_PROFIT,0.7081,-0.0
2025-09-06 15:00:00,SHORT,TAKE_PROFIT,0.602,TAKE_PROFIT,0.602,-0.0
2025-09-06 16:00:00,SHORT,TAKE_PROFIT,0.6215,TAKE_PROFIT,0.6215,0.0
2025-09-06 23:00:00,SHORT,TAKE_PROFIT,0.5244,TAKE_PROFIT,0.5244,0.0
2025-09-07 00:00:00,SHORT,TAKE_PROFIT,0.5065,TAKE_PROFIT,0.5065,0.0
2025-09-07 01:00:00,SHORT,TAKE_PROFIT,0.4916,TAKE_PROFIT,0.4916,0.0
2025-09-07 02:00:00,SHORT,TAKE_PROFIT,0.4865,TAKE_PROFIT,0.4865,-0.0
2025-09-07 03:00:00,SHORT,TAKE_PROFIT,0.4804,TAKE_PROFIT,0.4804,-0.0
2025-09-07 04:00:00,SHORT,TAKE_PROFIT,0.4629,TAKE_PROFIT,0.4629,0.0
2025-09-07 05:00:00,SHORT,TAKE_PROFIT,0.4468,TAKE_PROFIT,0.4468,-0.0
2025-09-09 08:00:00,SHORT,TAKE_PROFIT,0.7815,TAKE_PROFIT,0.7815,0.0
2025-09-09 09:00:00,SHORT,TAKE_PROFIT,0.758,TAKE_PROFIT,0.758,0.0
2025-09-09 10:00:00,SHORT,TAKE_PROFIT,0.7228,TAKE_PROFIT,0.7228,0.0
2025-09-10 02:00:00,SHORT,TAKE_PROFIT,0.7983,TAKE_PROFIT,0.7983,0.0
2025-09-10 03:00:00,SHORT,TAKE_PROFIT,0.8062,TAKE_PROFIT,0.8062,0.0
2025-09-10 04:00:00,SHORT,TAKE_PROFIT,0.7757,TAKE_PROFIT,0.7757,0.0
2025-09-10 05:00:00,SHORT,TAKE_PROFIT,0.7495,TAKE_PROFIT,0.7495,0.0
2025-09-10 06:00:00,SHORT,TAKE_PROFIT,0.7386,TAKE_PROFIT,0.7386,0.0
2025-09-10 07:00:00,SHORT,TAKE_PROFIT,0.7546,TAKE_PROFIT,0.7546,-0.0
2025-09-10 08:00:00,SHORT,TAKE_PROFIT,0.7988,TAKE_PROFIT,0.7988,0.0
2025-09-10 09:00:00,SHORT,TAKE_PROFIT,0.8067,TAKE_PROFIT,0.8067,-0.0
