trade_idx,entry_time,direction,entry_price,stop_loss,take_profit,original_outcome,original_message,swapped_outcome,swapped_message,swapping_beneficial
1,2025-08-20 00:00:00,SHORT,112799.7619,111676.9198,114035.4602,TIE,SL and TP hit at same time,STOP_LOSS,Stop Loss was hit first - LOSS,NEUTRAL
2,2025-08-20 01:00:00,SHORT,113140.4015,112030.4877,114363.5123,TIE,SL and TP hit at same time,TAKE_PROFIT,Take Profit was hit first - WIN,NEUTRAL
3,2025-08-20 02:00:00,SHORT,112939.1722,111791.7657,114199.5743,TIE,SL and TP hit at same time,STOP_LOSS,Stop Loss was hit first - LOSS,NEUTRAL
4,2025-08-20 03:00:00,SHORT,113381.8807,112236.4303,114640.7697,TIE,SL and TP hit at same time,TAKE_PROFIT,Take Profit was hit first - WIN,NEUTRAL
5,2025-08-20 04:00:00,SHORT,113465.169,112358.3953,114685.4647,TIE,SL and TP hit at same time,TAKE_PROFIT,Take Profit was hit first - WIN,NEUTRAL
6,2025-08-20 05:00:00,SHORT,113576.2735,112516.5435,114749.6365,TIE,SL and TP hit at same time,TAKE_PROFIT,Take Profit was hit first - WIN,NEUTRAL
7,2025-08-20 06:00:00,SHORT,113657.6228,112633.594,114795.366,TIE,SL and TP hit at same time,TAKE_PROFIT,Take Profit was hit first - WIN,NEUTRAL
8,2025-08-20 07:00:00,SHORT,113602.0306,112618.233,114699.487,TIE,SL and TP hit at same time,TAKE_PROFIT,Take Profit was hit first - WIN,NEUTRAL
9,2025-08-20 08:00:00,SHORT,113435.154,112466.1906,114517.6094,TIE,SL and TP hit at same time,STOP_LOSS,Stop Loss was hit first - LOSS,NEUTRAL
10,2025-08-20 09:00:00,SHORT,113943.2599,112955.9827,115044.5373,TIE,SL and TP hit at same time,TAKE_PROFIT,Take Profit was hit first - WIN,NEUTRAL
11,2025-08-20 10:00:00,SHORT,113625.7187,112655.9868,114709.1332,TIE,SL and TP hit at same time,STOP_LOSS,Stop Loss was hit first - LOSS,NEUTRAL
12,2025-08-21 15:00:00,SHORT,113204.2596,112090.6366,114431.1434,TIE,SL and TP hit at same time,TAKE_PROFIT,Take Profit was hit first - WIN,NEUTRAL
13,2025-08-21 16:00:00,SHORT,112706.0588,111560.5333,113964.3467,TIE,SL and TP hit at same time,TIE,SL and TP hit at same time,NEUTRAL
14,2025-08-21 17:00:00,SHORT,112298.7525,111144.5124,113565.3476,TIE,SL and TP hit at same time,STOP_LOSS,Stop Loss was hit first - LOSS,NEUTRAL
15,2025-08-21 18:00:00,SHORT,112333.4552,111205.9836,113573.3164,TIE,SL and TP hit at same time,STOP_LOSS,Stop Loss was hit first - LOSS,NEUTRAL
16,2025-08-21 19:00:00,SHORT,112514.8244,111402.9098,113739.3102,TIE,SL and TP hit at same time,TIE,SL and TP hit at same time,NEUTRAL
17,2025-08-21 20:00:00,SHORT,112104.2099,110968.6698,113351.9102,TIE,SL and TP hit at same time,STOP_LOSS,Stop Loss was hit first - LOSS,NEUTRAL
18,2025-08-21 21:00:00,SHORT,112355.9539,111191.107,113633.213,TIE,SL and TP hit at same time,STOP_LOSS,Stop Loss was hit first - LOSS,NEUTRAL
19,2025-08-21 22:00:00,SHORT,112534.3147,111364.5593,113816.6607,TIE,SL and TP hit at same time,TIE,SL and TP hit at same time,NEUTRAL
20,2025-08-21 23:00:00,SHORT,112414.7345,111287.5829,113654.3571,TIE,SL and TP hit at same time,STOP_LOSS,Stop Loss was hit first - LOSS,NEUTRAL
21,2025-08-22 00:00:00,SHORT,112424.0599,111343.2249,113617.3751,TIE,SL and TP hit at same time,STOP_LOSS,Stop Loss was hit first - LOSS,NEUTRAL
22,2025-08-22 01:00:00,SHORT,112541.2212,111488.1345,113706.9055,TIE,SL and TP hit at same time,TIE,SL and TP hit at same time,NEUTRAL
23,2025-08-22 02:00:00,SHORT,112747.4081,111687.4378,113920.1822,TIE,SL and TP hit at same time,TIE,SL and TP hit at same time,NEUTRAL
24,2025-08-22 03:00:00,SHORT,113060.8313,111972.6429,114262.1371,TIE,SL and TP hit at same time,TIE,SL and TP hit at same time,NEUTRAL
25,2025-08-22 04:00:00,SHORT,112834.4745,111746.3849,114035.4551,TIE,SL and TP hit at same time,TIE,SL and TP hit at same time,NEUTRAL
26,2025-08-22 05:00:00,SHORT,112742.6105,111656.5017,113941.5183,TIE,SL and TP hit at same time,TIE,SL and TP hit at same time,NEUTRAL
27,2025-08-22 06:00:00,SHORT,113134.3445,112066.4265,114315.4535,TIE,SL and TP hit at same time,TIE,SL and TP hit at same time,NEUTRAL
28,2025-08-22 07:00:00,SHORT,112898.5025,111831.8104,114078.1496,TIE,SL and TP hit at same time,TIE,SL and TP hit at same time,NEUTRAL
29,2025-08-22 08:00:00,SHORT,112986.2286,111953.8196,114131.6804,TIE,SL and TP hit at same time,TIE,SL and TP hit at same time,NEUTRAL
30,2025-08-22 09:00:00,SHORT,112887.8578,111878.7589,114009.9011,TIE,SL and TP hit at same time,TIE,SL and TP hit at same time,NEUTRAL
31,2025-08-23 15:00:00,SHORT,114524.5791,113590.7466,115572.9934,TIE,SL and TP hit at same time,STOP_LOSS,Stop Loss was hit first - LOSS,NEUTRAL
32,2025-08-23 16:00:00,SHORT,114712.615,113790.2697,115749.7303,TIE,SL and TP hit at same time,NEITHER,Neither SL nor TP was hit in the time period,NEUTRAL
33,2025-08-23 17:00:00,SHORT,114909.9063,113996.9661,115937.8139,TIE,SL and TP hit at same time,NEITHER,Neither SL nor TP was hit in the time period,NEUTRAL
34,2025-08-23 18:00:00,SHORT,114997.3726,114121.5007,115988.2993,TIE,SL and TP hit at same time,TAKE_PROFIT,Take Profit was hit first - WIN,NEUTRAL
35,2025-08-23 19:00:00,SHORT,115051.0857,114219.7706,115997.5094,TIE,SL and TP hit at same time,TAKE_PROFIT,Take Profit was hit first - WIN,NEUTRAL
36,2025-08-23 20:00:00,SHORT,115040.9408,114253.4785,115943.5015,TIE,SL and TP hit at same time,TAKE_PROFIT,Take Profit was hit first - WIN,NEUTRAL
37,2025-08-23 21:00:00,SHORT,115231.3455,114469.9421,116108.0379,TIE,SL and TP hit at same time,TAKE_PROFIT,Take Profit was hit first - WIN,NEUTRAL
38,2025-08-23 22:00:00,SHORT,114926.3081,114176.6341,115790.9659,TIE,SL and TP hit at same time,TAKE_PROFIT,Take Profit was hit first - WIN,NEUTRAL
39,2025-08-23 23:00:00,SHORT,115220.8108,114483.7945,116073.1055,TIE,SL and TP hit at same time,TAKE_PROFIT,Take Profit was hit first - WIN,NEUTRAL
40,2025-08-24 00:00:00,SHORT,115326.1781,114617.3285,116150.4115,TIE,SL and TP hit at same time,TAKE_PROFIT,Take Profit was hit first - WIN,NEUTRAL
41,2025-08-24 01:00:00,SHORT,115272.325,114582.9443,116077.0357,TIE,SL and TP hit at same time,TAKE_PROFIT,Take Profit was hit first - WIN,NEUTRAL
42,2025-08-24 02:00:00,SHORT,115364.7488,114672.7933,116172.1267,TIE,SL and TP hit at same time,TAKE_PROFIT,Take Profit was hit first - WIN,NEUTRAL
43,2025-08-24 17:00:00,SHORT,114172.4952,113546.6355,114912.5845,TIE,SL and TP hit at same time,TAKE_PROFIT,Take Profit was hit first - WIN,NEUTRAL
44,2025-08-24 18:00:00,SHORT,114314.824,113690.4351,115053.5849,TIE,SL and TP hit at same time,TAKE_PROFIT,Take Profit was hit first - WIN,NEUTRAL
45,2025-08-24 19:00:00,SHORT,114525.2187,113862.4104,115302.6096,TAKE_PROFIT,Take Profit was hit first - WIN,TAKE_PROFIT,Take Profit was hit first - WIN,NEUTRAL
46,2025-08-24 20:00:00,SHORT,112531.806,111330.9447,113845.2553,TIE,SL and TP hit at same time,TAKE_PROFIT,Take Profit was hit first - WIN,NEUTRAL
47,2025-08-24 21:00:00,SHORT,112707.9079,111401.5429,114127.0371,TIE,SL and TP hit at same time,TAKE_PROFIT,Take Profit was hit first - WIN,NEUTRAL
48,2025-08-24 22:00:00,SHORT,112919.2821,111563.5263,114388.0137,TIE,SL and TP hit at same time,TAKE_PROFIT,Take Profit was hit first - WIN,NEUTRAL
49,2025-08-24 23:00:00,SHORT,113377.5529,111996.358,114872.182,TIE,SL and TP hit at same time,TAKE_PROFIT,Take Profit was hit first - WIN,NEUTRAL
50,2025-08-25 00:00:00,SHORT,113421.261,112095.0074,114860.9926,TIE,SL and TP hit at same time,TAKE_PROFIT,Take Profit was hit first - WIN,NEUTRAL
51,2025-08-25 01:00:00,SHORT,112571.746,111148.9926,114107.1274,TIE,SL and TP hit at same time,TAKE_PROFIT,Take Profit was hit first - WIN,NEUTRAL
52,2025-08-25 02:00:00,SHORT,113002.1107,111608.5231,114508.7569,TIE,SL and TP hit at same time,TAKE_PROFIT,Take Profit was hit first - WIN,NEUTRAL
53,2025-08-25 16:00:00,SHORT,112130.9365,110690.8876,113683.1724,TIE,SL and TP hit at same time,TAKE_PROFIT,Take Profit was hit first - WIN,NEUTRAL
54,2025-08-25 17:00:00,SHORT,112443.78,110980.2406,114019.8194,TIE,SL and TP hit at same time,TAKE_PROFIT,Take Profit was hit first - WIN,NEUTRAL
55,2025-08-25 18:00:00,SHORT,112378.6825,110930.537,113939.263,TIE,SL and TP hit at same time,TAKE_PROFIT,Take Profit was hit first - WIN,NEUTRAL
56,2025-08-25 19:00:00,SHORT,112328.8275,110931.9187,113838.1213,TIE,SL and TP hit at same time,TAKE_PROFIT,Take Profit was hit first - WIN,NEUTRAL
57,2025-08-25 20:00:00,SHORT,110638.0733,109087.1873,112299.6527,TIE,SL and TP hit at same time,TAKE_PROFIT,Take Profit was hit first - WIN,NEUTRAL
58,2025-08-25 21:00:00,SHORT,109517.5938,107839.9082,111304.8518,TIE,SL and TP hit at same time,STOP_LOSS,Stop Loss was hit first - LOSS,NEUTRAL
59,2025-08-25 22:00:00,SHORT,109841.4418,108141.3419,111651.4381,TIE,SL and TP hit at same time,STOP_LOSS,Stop Loss was hit first - LOSS,NEUTRAL
60,2025-08-25 23:00:00,SHORT,110105.9495,108427.8068,111894.2532,TIE,SL and TP hit at same time,STOP_LOSS,Stop Loss was hit first - LOSS,NEUTRAL
61,2025-08-26 00:00:00,SHORT,110072.6761,108447.4856,111807.9944,TIE,SL and TP hit at same time,STOP_LOSS,Stop Loss was hit first - LOSS,NEUTRAL
62,2025-08-26 01:00:00,SHORT,109050.9273,107373.0138,110837.9462,TIE,SL and TP hit at same time,STOP_LOSS,Stop Loss was hit first - LOSS,NEUTRAL
63,2025-08-26 02:00:00,SHORT,109860.1325,108125.6571,111704.5229,TIE,SL and TP hit at same time,STOP_LOSS,Stop Loss was hit first - LOSS,NEUTRAL
64,2025-08-26 03:00:00,SHORT,109673.2659,107991.818,111464.442,TIE,SL and TP hit at same time,STOP_LOSS,Stop Loss was hit first - LOSS,NEUTRAL
65,2025-08-26 04:00:00,SHORT,109845.02,108215.016,111584.924,TIE,SL and TP hit at same time,STOP_LOSS,Stop Loss was hit first - LOSS,NEUTRAL
66,2025-08-26 05:00:00,SHORT,110054.1354,108493.5227,111724.8573,TIE,SL and TP hit at same time,TAKE_PROFIT,Take Profit was hit first - WIN,NEUTRAL
67,2025-08-26 06:00:00,SHORT,110157.1239,108670.6147,111753.8453,TIE,SL and TP hit at same time,TAKE_PROFIT,Take Profit was hit first - WIN,NEUTRAL
68,2025-08-26 07:00:00,SHORT,109952.8261,108510.9729,111504.6871,TIE,SL and TP hit at same time,TAKE_PROFIT,Take Profit was hit first - WIN,NEUTRAL
69,2025-08-26 08:00:00,SHORT,110247.3587,108798.6141,111806.4059,TIE,SL and TP hit at same time,TAKE_PROFIT,Take Profit was hit first - WIN,NEUTRAL
70,2025-08-26 09:00:00,SHORT,110053.9655,108646.5852,111571.4548,TIE,SL and TP hit at same time,TAKE_PROFIT,Take Profit was hit first - WIN,NEUTRAL
71,2025-08-26 10:00:00,SHORT,110109.4078,108751.0049,111577.9751,TIE,SL and TP hit at same time,TAKE_PROFIT,Take Profit was hit first - WIN,NEUTRAL
72,2025-08-26 11:00:00,SHORT,110168.7781,108858.8424,111588.9376,TIE,SL and TP hit at same time,TAKE_PROFIT,Take Profit was hit first - WIN,NEUTRAL
73,2025-08-26 12:00:00,SHORT,109821.062,108510.0158,111241.9842,TIE,SL and TP hit at same time,STOP_LOSS,Stop Loss was hit first - LOSS,NEUTRAL
74,2025-08-26 13:00:00,SHORT,110150.4972,108763.8589,111647.3411,TIE,SL and TP hit at same time,STOP_LOSS,Stop Loss was hit first - LOSS,NEUTRAL
75,2025-08-26 14:00:00,SHORT,110026.0195,108608.8504,111553.2696,TIE,SL and TP hit at same time,STOP_LOSS,Stop Loss was hit first - LOSS,NEUTRAL
76,2025-08-26 15:00:00,SHORT,110294.825,108874.3483,111825.6517,TIE,SL and TP hit at same time,STOP_LOSS,Stop Loss was hit first - LOSS,NEUTRAL
77,2025-08-26 16:00:00,SHORT,109602.2315,108141.7677,111172.3523,TIE,SL and TP hit at same time,STOP_LOSS,Stop Loss was hit first - LOSS,NEUTRAL
78,2025-08-27 16:00:00,SHORT,111971.946,110782.4827,113273.4373,TIE,SL and TP hit at same time,TAKE_PROFIT,Take Profit was hit first - WIN,NEUTRAL
79,2025-08-27 17:00:00,SHORT,112075.6641,110873.8254,113389.6346,TIE,SL and TP hit at same time,TAKE_PROFIT,Take Profit was hit first - WIN,NEUTRAL
80,2025-08-27 18:00:00,SHORT,112293.5252,111100.06,113599.34,TIE,SL and TP hit at same time,TAKE_PROFIT,Take Profit was hit first - WIN,NEUTRAL
81,2025-08-29 03:00:00,SHORT,111379.8522,110325.6564,112545.4836,TIE,SL and TP hit at same time,TAKE_PROFIT,Take Profit was hit first - WIN,NEUTRAL
82,2025-08-29 04:00:00,SHORT,111656.3739,110605.6903,112818.7697,TIE,SL and TP hit at same time,TAKE_PROFIT,Take Profit was hit first - WIN,NEUTRAL
83,2025-08-29 05:00:00,SHORT,111456.8037,110421.5645,112603.5555,TIE,SL and TP hit at same time,TAKE_PROFIT,Take Profit was hit first - WIN,NEUTRAL
84,2025-08-29 06:00:00,SHORT,111261.4215,110238.5042,112395.6558,TIE,SL and TP hit at same time,TAKE_PROFIT,Take Profit was hit first - WIN,NEUTRAL
85,2025-08-29 07:00:00,SHORT,111231.9762,110221.8496,112353.3904,TIE,SL and TP hit at same time,TAKE_PROFIT,Take Profit was hit first - WIN,NEUTRAL
86,2025-08-29 08:00:00,SHORT,109965.04,108832.5832,111207.5168,TIE,SL and TP hit at same time,STOP_LOSS,Stop Loss was hit first - LOSS,NEUTRAL
87,2025-08-29 09:00:00,SHORT,109570.3874,108424.6451,110825.7549,TIE,SL and TP hit at same time,STOP_LOSS,Stop Loss was hit first - LOSS,NEUTRAL
88,2025-08-29 10:00:00,SHORT,109711.027,108575.2876,110956.5324,TIE,SL and TP hit at same time,STOP_LOSS,Stop Loss was hit first - LOSS,NEUTRAL
89,2025-08-29 11:00:00,SHORT,109948.7681,108856.1307,111151.4093,TIE,SL and TP hit at same time,STOP_LOSS,Stop Loss was hit first - LOSS,NEUTRAL
90,2025-08-29 12:00:00,SHORT,110060.3023,109002.5049,111228.2151,TIE,SL and TP hit at same time,TAKE_PROFIT,Take Profit was hit first - WIN,NEUTRAL
91,2025-08-29 13:00:00,SHORT,110676.4141,109493.7203,111969.8397,TIE,SL and TP hit at same time,TAKE_PROFIT,Take Profit was hit first - WIN,NEUTRAL
92,2025-08-29 14:00:00,SHORT,109045.45,107680.0217,110519.9783,TIE,SL and TP hit at same time,TAKE_PROFIT,Take Profit was hit first - WIN,NEUTRAL
93,2025-08-29 15:00:00,SHORT,108133.2763,106663.2058,109711.5342,TIE,SL and TP hit at same time,NEITHER,Neither SL nor TP was hit in the time period,NEUTRAL
94,2025-08-29 17:00:00,SHORT,108649.4181,107210.7149,110196.8251,TIE,SL and TP hit at same time,TAKE_PROFIT,Take Profit was hit first - WIN,NEUTRAL
95,2025-08-29 18:00:00,SHORT,108412.8864,106996.9831,109937.2569,TIE,SL and TP hit at same time,TAKE_PROFIT,Take Profit was hit first - WIN,NEUTRAL
96,2025-08-29 19:00:00,SHORT,108081.4322,106709.9315,109561.0685,TIE,SL and TP hit at same time,NEITHER,Neither SL nor TP was hit in the time period,NEUTRAL
97,2025-08-29 20:00:00,SHORT,108159.873,106768.8592,109659.1008,TIE,SL and TP hit at same time,NEITHER,Neither SL nor TP was hit in the time period,NEUTRAL
98,2025-08-30 07:00:00,SHORT,108260.8725,107106.3811,109523.6789,TIE,SL and TP hit at same time,NEITHER,Neither SL nor TP was hit in the time period,NEUTRAL
99,2025-08-30 08:00:00,SHORT,108464.9804,107337.2489,109701.2311,TIE,SL and TP hit at same time,NEITHER,Neither SL nor TP was hit in the time period,NEUTRAL
100,2025-08-31 16:00:00,SHORT,108748.8384,108111.1428,109495.3372,TIE,SL and TP hit at same time,TAKE_PROFIT,Take Profit was hit first - WIN,NEUTRAL
101,2025-08-31 17:00:00,SHORT,108860.3726,108211.6197,109618.0403,TIE,SL and TP hit at same time,TAKE_PROFIT,Take Profit was hit first - WIN,NEUTRAL
102,2025-08-31 18:00:00,SHORT,108935.6149,108314.6833,109665.5367,TIE,SL and TP hit at same time,TAKE_PROFIT,Take Profit was hit first - WIN,NEUTRAL
103,2025-08-31 19:00:00,SHORT,109083.8408,108465.9052,109810.9148,TIE,SL and TP hit at same time,TAKE_PROFIT,Take Profit was hit first - WIN,NEUTRAL
104,2025-08-31 20:00:00,SHORT,108878.1537,108270.5027,109594.7373,TIE,SL and TP hit at same time,TAKE_PROFIT,Take Profit was hit first - WIN,NEUTRAL
105,2025-08-31 21:00:00,SHORT,109071.2971,108472.9668,109778.7532,TIE,SL and TP hit at same time,TAKE_PROFIT,Take Profit was hit first - WIN,NEUTRAL
106,2025-08-31 22:00:00,SHORT,108991.487,108413.5549,109678.4651,TIE,SL and TP hit at same time,TAKE_PROFIT,Take Profit was hit first - WIN,NEUTRAL
107,2025-08-31 23:00:00,SHORT,108831.1072,108228.446,109542.654,TIE,SL and TP hit at same time,TAKE_PROFIT,Take Profit was hit first - WIN,NEUTRAL
108,2025-09-04 12:00:00,SHORT,110788.8179,109852.5339,111835.9461,TIE,SL and TP hit at same time,TAKE_PROFIT,Take Profit was hit first - WIN,NEUTRAL
109,2025-09-04 13:00:00,SHORT,110908.0182,109955.2286,111971.7714,TIE,SL and TP hit at same time,TAKE_PROFIT,Take Profit was hit first - WIN,NEUTRAL
110,2025-09-04 14:00:00,SHORT,110422.1413,109428.8823,111525.8777,TIE,SL and TP hit at same time,TAKE_PROFIT,Take Profit was hit first - WIN,NEUTRAL
111,2025-09-04 15:00:00,SHORT,109795.3749,108758.5064,110942.0936,TIE,SL and TP hit at same time,STOP_LOSS,Stop Loss was hit first - LOSS,NEUTRAL
112,2025-09-04 16:00:00,SHORT,109450.5673,108412.4131,110598.2269,TIE,SL and TP hit at same time,STOP_LOSS,Stop Loss was hit first - LOSS,NEUTRAL
113,2025-09-04 17:00:00,SHORT,109379.7827,108367.4193,110501.5807,TIE,SL and TP hit at same time,STOP_LOSS,Stop Loss was hit first - LOSS,NEUTRAL
114,2025-09-04 18:00:00,SHORT,109734.4353,108726.665,110851.995,TIE,SL and TP hit at same time,STOP_LOSS,Stop Loss was hit first - LOSS,NEUTRAL
115,2025-09-04 19:00:00,SHORT,109928.4783,108922.024,111044.916,TIE,SL and TP hit at same time,STOP_LOSS,Stop Loss was hit first - LOSS,NEUTRAL
116,2025-09-04 20:00:00,SHORT,109753.4058,108764.3615,110852.2585,TIE,SL and TP hit at same time,STOP_LOSS,Stop Loss was hit first - LOSS,NEUTRAL
117,2025-09-04 21:00:00,SHORT,110356.1743,109345.3222,111477.4378,TIE,SL and TP hit at same time,STOP_LOSS,Stop Loss was hit first - LOSS,NEUTRAL
118,2025-09-04 22:00:00,SHORT,110434.8849,109467.1177,111513.1423,TIE,SL and TP hit at same time,TIE,SL and TP hit at same time,NEUTRAL
119,2025-09-04 23:00:00,SHORT,111430.337,110376.9386,112595.2214,TIE,SL and TP hit at same time,TAKE_PROFIT,Take Profit was hit first - WIN,NEUTRAL
120,2025-09-06 02:00:00,SHORT,110822.9708,109660.5188,112096.3012,TIE,SL and TP hit at same time,TAKE_PROFIT,Take Profit was hit first - WIN,NEUTRAL
121,2025-09-06 03:00:00,SHORT,111164.1001,110018.7896,112420.6304,TIE,SL and TP hit at same time,TAKE_PROFIT,Take Profit was hit first - WIN,NEUTRAL
122,2025-09-06 04:00:00,SHORT,111037.9832,109934.0411,112253.0189,TIE,SL and TP hit at same time,TAKE_PROFIT,Take Profit was hit first - WIN,NEUTRAL
123,2025-09-06 05:00:00,SHORT,110819.5925,109754.416,111995.644,TIE,SL and TP hit at same time,TAKE_PROFIT,Take Profit was hit first - WIN,NEUTRAL
124,2025-09-06 06:00:00,SHORT,110667.7584,109656.4556,111789.7844,TIE,SL and TP hit at same time,NEITHER,Neither SL nor TP was hit in the time period,NEUTRAL
125,2025-09-06 07:00:00,SHORT,110704.1702,109750.9987,111768.1013,TIE,SL and TP hit at same time,NEITHER,Neither SL nor TP was hit in the time period,NEUTRAL
126,2025-09-06 08:00:00,SHORT,110783.2906,109888.4024,111789.0176,TIE,SL and TP hit at same time,NEITHER,Neither SL nor TP was hit in the time period,NEUTRAL
127,2025-09-06 09:00:00,SHORT,110901.0617,110044.8544,111868.2256,TIE,SL and TP hit at same time,TAKE_PROFIT,Take Profit was hit first - WIN,NEUTRAL
128,2025-09-06 10:00:00,SHORT,110644.68,109816.5819,111583.4781,TIE,SL and TP hit at same time,NEITHER,Neither SL nor TP was hit in the time period,NEUTRAL
129,2025-09-06 11:00:00,SHORT,110733.6855,109949.6168,111628.5432,TIE,SL and TP hit at same time,TAKE_PROFIT,Take Profit was hit first - WIN,NEUTRAL
130,2025-09-06 15:00:00,SHORT,110766.599,110099.7953,111544.2247,TIE,SL and TP hit at same time,TAKE_PROFIT,Take Profit was hit first - WIN,NEUTRAL
131,2025-09-06 16:00:00,SHORT,110343.1808,109657.3563,111139.4037,TIE,SL and TP hit at same time,STOP_LOSS,Stop Loss was hit first - LOSS,NEUTRAL
132,2025-09-06 23:00:00,SHORT,110146.3093,109568.6797,110834.1403,TIE,SL and TP hit at same time,STOP_LOSS,Stop Loss was hit first - LOSS,NEUTRAL
133,2025-09-07 00:00:00,SHORT,110157.4937,109599.5162,110825.6838,TIE,SL and TP hit at same time,STOP_LOSS,Stop Loss was hit first - LOSS,NEUTRAL
134,2025-09-07 01:00:00,SHORT,110330.4972,109788.0965,110983.2835,TIE,SL and TP hit at same time,STOP_LOSS,Stop Loss was hit first - LOSS,NEUTRAL
135,2025-09-07 02:00:00,SHORT,110519.2827,109981.6489,111167.4911,TIE,SL and TP hit at same time,TAKE_PROFIT,Take Profit was hit first - WIN,NEUTRAL
136,2025-09-07 03:00:00,SHORT,110623.2907,110091.8747,111265.3853,TIE,SL and TP hit at same time,TAKE_PROFIT,Take Profit was hit first - WIN,NEUTRAL
137,2025-09-07 04:00:00,SHORT,110586.3891,110074.4329,111208.9871,TIE,SL and TP hit at same time,TAKE_PROFIT,Take Profit was hit first - WIN,NEUTRAL
138,2025-09-07 05:00:00,SHORT,110509.2078,110015.4855,111113.4945,TIE,SL and TP hit at same time,TAKE_PROFIT,Take Profit was hit first - WIN,NEUTRAL
139,2025-09-09 08:00:00,SHORT,112943.43,112060.735,113939.125,TIE,SL and TP hit at same time,TAKE_PROFIT,Take Profit was hit first - WIN,NEUTRAL
140,2025-09-09 09:00:00,SHORT,112943.51,112087.3761,113912.6439,TIE,SL and TP hit at same time,TAKE_PROFIT,Take Profit was hit first - WIN,NEUTRAL
141,2025-09-09 10:00:00,SHORT,112905.449,112089.367,113834.493,TIE,SL and TP hit at same time,TAKE_PROFIT,Take Profit was hit first - WIN,NEUTRAL
142,2025-09-10 02:00:00,SHORT,110953.8053,110068.0602,111950.5598,TIE,SL and TP hit at same time,STOP_LOSS,Stop Loss was hit first - LOSS,NEUTRAL
143,2025-09-10 03:00:00,SHORT,111351.1666,110453.4166,112360.3234,TIE,SL and TP hit at same time,TAKE_PROFIT,Take Profit was hit first - WIN,NEUTRAL
144,2025-09-10 04:00:00,SHORT,111485.5893,110620.7633,112461.9567,TIE,SL and TP hit at same time,TAKE_PROFIT,Take Profit was hit first - WIN,NEUTRAL
145,2025-09-10 05:00:00,SHORT,111462.1111,110626.6688,112409.0712,TIE,SL and TP hit at same time,TAKE_PROFIT,Take Profit was hit first - WIN,NEUTRAL
146,2025-09-10 06:00:00,SHORT,111522.7607,110699.0417,112458.0583,TIE,SL and TP hit at same time,TIE,SL and TP hit at same time,NEUTRAL
147,2025-09-10 07:00:00,SHORT,111731.3164,110888.2266,112686.1934,TIE,SL and TP hit at same time,TIE,SL and TP hit at same time,NEUTRAL
148,2025-09-10 08:00:00,SHORT,112480.5516,111582.0097,113491.6303,TIE,SL and TP hit at same time,TAKE_PROFIT,Take Profit was hit first - WIN,NEUTRAL
149,2025-09-10 09:00:00,SHORT,112310.6666,111404.7076,113328.9924,TIE,SL and TP hit at same time,TAKE_PROFIT,Take Profit was hit first - WIN,NEUTRAL
