trade_idx,entry_time,backtest_entry_price,market_entry_price,backtest_exit_price,market_exit_price,backtest_pnl,actual_market_pnl,pnl_difference,verification_status,data_source
1,2025-08-20 00:00:00,112799.7619,113197.0,111676.9198,112995.67,0.9954,0.17785807044356453,-0.8175419295564355,VERIFIED,Historical File
2,2025-08-20 01:00:00,113140.4015,112995.67,112030.4877,113438.6,0.981,-0.39198847177065066,-1.3729884717706506,VERIFIED,Historical File
3,2025-08-20 02:00:00,112939.1722,113438.6,111791.7657,113521.93,1.016,-0.07345824084569731,-1.0894582408456974,VERIFIED,Historical File
4,2025-08-20 03:00:00,113381.8807,113521.93,112236.4303,113633.09,1.0103,-0.09791940640896742,-1.1082194064089674,VERIFIED,Historical File
5,2025-08-20 04:00:00,113465.169,113633.09,112358.3953,113714.48,0.9754,-0.07162526338058696,-1.047025263380587,VERIFIED,Historical File
6,2025-08-20 05:00:00,113576.2735,113714.48,112516.5435,113658.86,0.9331,0.04891197673330199,-0.8841880232666981,VERIFIED,Historical File
7,2025-08-20 06:00:00,113657.6228,113658.86,112633.594,113491.9,0.901,0.1468957193482377,-0.7541042806517624,VERIFIED,Historical File
8,2025-08-20 07:00:00,113602.0306,113491.9,112618.233,114000.26,0.866,-0.4479262396699682,-1.3139262396699682,VERIFIED,Historical File
9,2025-08-20 08:00:00,113435.154,114000.26,112466.1906,113682.56,0.8542,0.278683574932195,-0.575516425067805,VERIFIED,Historical File
10,2025-08-20 09:00:00,113943.2599,113682.56,112955.9827,113774.64,0.8665,-0.08099747225959879,-0.9474974722595988,VERIFIED,Historical File
11,2025-08-20 10:00:00,113625.7187,113774.64,112655.9868,113667.96,0.8534,0.09376430459370648,-0.7596356954062936,VERIFIED,Historical File
12,2025-08-21 15:00:00,113204.2596,112762.44,112090.6366,112354.93,0.9837,0.3613880650330104,-0.6223119349669897,VERIFIED,Historical File
13,2025-08-21 16:00:00,112706.0588,112354.93,111560.5333,112389.65,1.0164,-0.030902070785857966,-1.047302070785858,VERIFIED,Historical File
14,2025-08-21 17:00:00,112298.7525,112389.65,111144.5124,112571.11,1.0278,-0.16145614831971308,-1.189256148319713,VERIFIED,Historical File
15,2025-08-21 18:00:00,112333.4552,112571.11,111205.9836,112160.29,1.0037,0.3649426571346831,-0.6387573428653169,VERIFIED,Historical File
16,2025-08-21 19:00:00,112514.8244,112160.29,111402.9098,112412.16,0.9882,-0.22456254348130691,-1.212762543481307,VERIFIED,Historical File
17,2025-08-21 20:00:00,112104.2099,112412.16,110968.6698,112590.61,1.0129,-0.15874617123271811,-1.171646171232718,VERIFIED,Historical File
18,2025-08-21 21:00:00,112355.9539,112590.61,111191.107,112470.97,1.0367,0.10626108163016386,-0.930438918369836,VERIFIED,Historical File
19,2025-08-21 22:00:00,112534.3147,112470.97,111364.5593,112480.3,1.0395,-0.008295473934297665,-1.0477954739342978,VERIFIED,Historical File
20,2025-08-21 23:00:00,112414.7345,112480.3,111287.5829,112597.52,1.0027,-0.10421380455066458,-1.1069138045506646,VERIFIED,Historical File
21,2025-08-22 00:00:00,112424.0599,112597.52,111343.2249,112803.81,0.9614,-0.18321007425384997,-1.14461007425385,VERIFIED,Historical File
22,2025-08-22 01:00:00,112541.2212,112803.81,111488.1345,113117.39,0.9357,-0.2779870644440128,-1.2136870644440128,VERIFIED,Historical File
23,2025-08-22 02:00:00,112747.4081,113117.39,111687.4378,112890.92,0.9401,0.20020794327026215,-0.7398920567297379,VERIFIED,Historical File
24,2025-08-22 03:00:00,113060.8313,112890.92,111972.6429,112799.01,0.9625,0.08141487375601465,-0.8810851262439854,VERIFIED,Historical File
25,2025-08-22 04:00:00,112834.4745,112799.01,111746.3849,113190.94,0.9643,-0.347458723263624,-1.311758723263624,VERIFIED,Historical File
26,2025-08-22 05:00:00,112742.6105,113190.94,111656.5017,112954.98,0.9634,0.20846191400124991,-0.7549380859987501,VERIFIED,Historical File
27,2025-08-22 06:00:00,113134.3445,112954.98,112066.4265,113042.75,0.9439,-0.07770352400576236,-1.0216035240057624,VERIFIED,Historical File
28,2025-08-22 07:00:00,112898.5025,113042.75,111831.8104,112944.33,0.9448,0.08706440704954388,-0.8577355929504561,VERIFIED,Historical File
29,2025-08-22 08:00:00,112986.2286,112944.33,111953.8196,113007.0,0.9137,-0.05548751318459125,-0.9691875131845912,VERIFIED,Historical File
30,2025-08-22 09:00:00,112887.8578,113007.0,111878.7589,112491.65,0.8939,0.4560336970276229,-0.4378663029723771,VERIFIED,Historical File
31,2025-08-23 15:00:00,114524.5791,114770.0,113590.7466,114967.39,0.8154,-0.17198745316720346,-0.9873874531672034,VERIFIED,Historical File
32,2025-08-23 16:00:00,114712.615,114967.39,113790.2697,115054.9,0.804,-0.07611723637458828,-0.8801172363745884,VERIFIED,Historical File
33,2025-08-23 17:00:00,114909.9063,115054.9,113996.9661,115108.64,0.7945,-0.046708136724298785,-0.8412081367242987,VERIFIED,Historical File
34,2025-08-23 18:00:00,114997.3726,115108.64,114121.5007,115098.49,0.7616,0.008817756859949157,-0.7527822431400509,VERIFIED,Historical File
35,2025-08-23 19:00:00,115051.0857,115098.49,114219.7706,115288.99,0.7226,-0.165510425028165,-0.8881104250281651,VERIFIED,Historical File
36,2025-08-23 20:00:00,115040.9408,115288.99,114253.4785,114983.8,0.6845,0.26471738541555645,-0.41978261458444355,VERIFIED,Historical File
37,2025-08-23 21:00:00,115231.3455,114983.8,114469.9421,115278.45,0.6608,-0.2562534896220112,-0.9170534896220113,VERIFIED,Historical File
38,2025-08-23 22:00:00,114926.3081,115278.45,114176.6341,115383.87,0.6523,-0.09144814143493277,-0.7437481414349327,VERIFIED,Historical File
39,2025-08-23 23:00:00,115220.8108,115383.87,114483.7945,115329.99,0.6397,0.04669630165810014,-0.5930036983418999,VERIFIED,Historical File
40,2025-08-24 00:00:00,115326.1781,115329.99,114617.3285,115422.46,0.6146,-0.08017862483123528,-0.6947786248312353,VERIFIED,Historical File
41,2025-08-24 01:00:00,115272.325,115422.46,114582.9443,114955.01,0.598,0.40499050184861046,-0.1930094981513895,VERIFIED,Historical File
42,2025-08-24 02:00:00,115364.7488,114955.01,114672.7933,114986.76,0.5998,-0.027619500881257808,-0.6274195008812578,VERIFIED,Historical File
43,2025-08-24 17:00:00,114172.4952,114372.01,113546.6355,114582.51,0.5482,-0.18404852725767432,-0.7322485272576743,VERIFIED,Historical File
44,2025-08-24 18:00:00,114314.824,114582.51,113690.4351,112588.1,0.5462,1.7405885069195892,1.1943885069195892,VERIFIED,Historical File
45,2025-08-24 19:00:00,114525.2187,112588.1,115302.6096,112764.29,-0.6788,-0.15649078366185037,0.5223092163381495,VERIFIED,Historical File
46,2025-08-24 20:00:00,112531.806,112764.29,111330.9447,112975.77,1.0671,-0.1875416410638603,-1.2546416410638601,VERIFIED,Historical File
47,2025-08-24 21:00:00,112707.9079,112975.77,111401.5429,113434.27,1.1591,-0.4058392343774244,-1.5649392343774244,VERIFIED,Historical File
48,2025-08-24 22:00:00,112919.2821,113434.27,111563.5263,113478.0,1.2006,-0.0385509599523988,-1.2391509599523987,VERIFIED,Historical File
49,2025-08-24 23:00:00,113377.5529,113478.0,111996.358,112628.06,1.2182,0.74899099384903,-0.46920900615096994,VERIFIED,Historical File
50,2025-08-25 00:00:00,113421.261,112628.06,112095.0074,113058.64,1.1693,-0.3823025984821205,-1.5516025984821205,VERIFIED,Historical File
51,2025-08-25 01:00:00,112571.746,113058.64,111148.9926,113384.2,1.2639,-0.2879567629683124,-1.5518567629683124,VERIFIED,Historical File
52,2025-08-25 02:00:00,113002.1107,113384.2,111608.5231,112883.89,1.2332,0.4412519557398629,-0.7919480442601372,VERIFIED,Historical File
53,2025-08-25 16:00:00,112130.9365,112500.03,110690.8876,112434.9,1.2843,0.057893317895119374,-1.2264066821048807,VERIFIED,Historical File
54,2025-08-25 17:00:00,112443.78,112434.9,110980.2406,112385.02,1.3016,0.04436344942717084,-1.2572365505728293,VERIFIED,Historical File
55,2025-08-25 18:00:00,112378.6825,112385.02,110930.537,110693.42,1.2886,1.5051828081714145,0.2165828081714145,VERIFIED,Historical File
56,2025-08-25 19:00:00,112328.8275,110693.42,110931.9187,109572.38,1.2436,1.0127431242073772,-0.23085687579262282,VERIFIED,Historical File
57,2025-08-25 20:00:00,110638.0733,109572.38,109087.1873,109896.39,1.4018,-0.29570408163078576,-1.6975040816307856,VERIFIED,Historical File
58,2025-08-25 21:00:00,109517.5938,109896.39,107839.9082,110161.03,1.5319,-0.24080863802714486,-1.7727086380271448,VERIFIED,Historical File
59,2025-08-25 22:00:00,109841.4418,110161.03,108141.3419,110127.74,1.5478,0.03021939791230492,-1.5175806020876952,VERIFIED,Historical File
60,2025-08-25 23:00:00,110105.9495,110127.74,108427.8068,109105.48,1.5241,0.9282493221054107,-0.5958506778945893,VERIFIED,Historical File
61,2025-08-26 00:00:00,110072.6761,109105.48,108447.4856,109915.09,1.4765,-0.7420433877381784,-2.2185433877381784,VERIFIED,Historical File
62,2025-08-26 01:00:00,109050.9273,109915.09,107373.0138,109728.13,1.5387,0.17009493418964752,-1.3686050658103524,VERIFIED,Historical File
63,2025-08-26 02:00:00,109860.1325,109728.13,108125.6571,109899.97,1.5788,-0.15660523878425386,-1.7354052387842538,VERIFIED,Historical File
64,2025-08-26 03:00:00,109673.2659,109899.97,107991.818,110109.19,1.5331,-0.19037311839120716,-1.723473118391207,VERIFIED,Historical File
65,2025-08-26 04:00:00,109845.02,110109.19,108215.016,110212.23,1.4839,-0.0935798365240845,-1.5774798365240845,VERIFIED,Historical File
66,2025-08-26 05:00:00,110054.1354,110212.23,108493.5227,110007.83,1.418,0.18546036134101831,-1.2325396386589815,VERIFIED,Historical File
67,2025-08-26 06:00:00,110157.1239,110007.83,108670.6147,110302.51,1.3494,-0.26787184148618604,-1.617271841486186,VERIFIED,Historical File
68,2025-08-26 07:00:00,109952.8261,110302.51,108510.9729,110109.02,1.3113,0.17541758569228452,-1.1358824143077153,VERIFIED,Historical File
69,2025-08-26 08:00:00,110247.3587,110109.02,108798.6141,110164.49,1.3141,-0.05037734419941361,-1.3644773441994136,VERIFIED,Historical File
70,2025-08-26 09:00:00,110053.9655,110164.49,108646.5852,110223.89,1.2788,-0.053919370933405285,-1.3327193709334053,VERIFIED,Historical File
71,2025-08-26 10:00:00,110109.4078,110223.89,108751.0049,109876.0,1.2337,0.3156212323843764,-0.9180787676156237,VERIFIED,Historical File
72,2025-08-26 11:00:00,110168.7781,109876.0,108858.8424,110205.6,1.189,-0.29997451672795317,-1.4889745167279531,VERIFIED,Historical File
73,2025-08-26 12:00:00,109821.062,110205.6,108510.0158,110081.06,1.1938,0.11300696153372254,-1.0807930384662774,VERIFIED,Historical File
74,2025-08-26 13:00:00,110150.4972,110081.06,108763.8589,110350.0,1.2589,-0.2443108741867151,-1.503210874186715,VERIFIED,Historical File
75,2025-08-26 14:00:00,110026.0195,110350.0,108608.8504,109657.06,1.288,0.6279474399637539,-0.6600525600362461,VERIFIED,Historical File
76,2025-08-26 15:00:00,110294.825,109657.06,108874.3483,110159.26,1.2879,-0.4579732485988564,-1.7458732485988564,VERIFIED,Historical File
77,2025-08-26 16:00:00,109602.2315,110159.26,108141.7677,109993.39,1.3325,0.15057290689860786,-1.181927093101392,VERIFIED,Historical File
78,2025-08-27 16:00:00,111971.946,112131.73,110782.4827,112349.7,1.0623,-0.19438744055763804,-1.256687440557638,VERIFIED,Historical File
79,2025-08-27 17:00:00,112075.6641,112349.7,110873.8254,111962.6,1.0723,0.3445492066289374,-0.7277507933710626,VERIFIED,Historical File
80,2025-08-27 18:00:00,112293.5252,111962.6,111100.06,112078.96,1.0628,-0.10392756152500975,-1.1667275615250097,VERIFIED,Historical File
81,2025-08-29 03:00:00,111379.8522,111712.23,110325.6564,111512.56,0.9465,0.17873602559003457,-0.7677639744099655,VERIFIED,Historical File
82,2025-08-29 04:00:00,111656.3739,111512.56,110605.6903,111317.08,0.941,0.17529863900532452,-0.7657013609946755,VERIFIED,Historical File
83,2025-08-29 05:00:00,111456.8037,111317.08,110421.5645,111287.62,0.9288,0.026464941408817413,-0.9023350585911826,VERIFIED,Historical File
84,2025-08-29 06:00:00,111261.4215,111287.62,110238.5042,110020.05,0.9194,1.1390036016584706,0.2196036016584706,VERIFIED,Historical File
85,2025-08-29 07:00:00,111231.9762,110020.05,110221.8496,109625.2,0.9081,0.35888912975408194,-0.5492108702459181,VERIFIED,Historical File
86,2025-08-29 08:00:00,109965.04,109625.2,108832.5832,109765.91,1.0298,-0.12835552409483075,-1.158155524094831,VERIFIED,Historical File
87,2025-08-29 09:00:00,109570.3874,109765.91,108424.6451,110003.77,1.0457,-0.21669751564944031,-1.2623975156494405,VERIFIED,Historical File
88,2025-08-29 10:00:00,109711.027,110003.77,108575.2876,110115.36,1.0352,-0.10144197785221043,-1.1366419778522103,VERIFIED,Historical File
89,2025-08-29 11:00:00,109948.7681,110115.36,108856.1307,110731.78,0.9938,-0.5597947461643845,-1.5535947461643844,VERIFIED,Historical File
90,2025-08-29 12:00:00,110060.3023,110731.78,109002.5049,109100.0,0.9611,1.473632953430351,0.512532953430351,VERIFIED,Historical File
91,2025-08-29 13:00:00,110676.4141,109100.0,109493.7203,108187.37,1.0686,0.8365077910174195,-0.23209220898258054,VERIFIED,Historical File
92,2025-08-29 14:00:00,109045.45,108187.37,107680.0217,108396.96,1.2522,-0.19372871343485942,-1.4459287134348595,VERIFIED,Historical File
93,2025-08-29 15:00:00,108133.2763,108396.96,106663.2058,108703.77,1.3595,-0.28304299308762687,-1.6425429930876267,VERIFIED,Historical File
94,2025-08-29 17:00:00,108649.4181,108467.12,107210.7149,108135.5,1.3242,0.3057332028360257,-1.0184667971639745,VERIFIED,Historical File
95,2025-08-29 18:00:00,108412.8864,108135.5,106996.9831,108213.98,1.306,-0.07257561115451995,-1.37857561115452,VERIFIED,Historical File
96,2025-08-29 19:00:00,108081.4322,108213.98,106709.9315,107791.6,1.269,0.3903192544992709,-0.878680745500729,VERIFIED,Historical File
97,2025-08-29 20:00:00,108159.873,107791.6,106768.8592,108451.91,1.2861,-0.6125802010546254,-1.8986802010546255,VERIFIED,Historical File
98,2025-08-30 07:00:00,108260.8725,108519.24,107106.3811,108562.1,1.0664,-0.03949530055684188,-1.105895300556842,VERIFIED,Historical File
99,2025-08-30 08:00:00,108464.9804,108562.1,107337.2489,108513.85,1.0397,0.044444608201204654,-0.9952553917987954,VERIFIED,Historical File
100,2025-08-31 16:00:00,108748.8384,108914.83,108111.1428,108990.11,0.5864,-0.0691182275177759,-0.6555182275177759,VERIFIED,Historical File
101,2025-08-31 17:00:00,108860.3726,108990.11,108211.6197,109138.41,0.5959,-0.1360673918028002,-0.7319673918028002,VERIFIED,Historical File
102,2025-08-31 18:00:00,108935.6149,109138.41,108314.6833,108932.62,0.57,0.188558730148266,-0.381441269851734,VERIFIED,Historical File
103,2025-08-31 19:00:00,109083.8408,108932.62,108465.9052,109125.86,0.5665,-0.1773940624947837,-0.7438940624947837,VERIFIED,Historical File
104,2025-08-31 20:00:00,108878.1537,109125.86,108270.5027,109046.01,0.5581,0.07317239011908436,-0.48492760988091566,VERIFIED,Historical File
105,2025-08-31 21:00:00,109071.2971,109046.01,108472.9668,108885.55,0.5486,0.1471488961402548,-0.40145110385974514,VERIFIED,Historical File
106,2025-08-31 22:00:00,108991.487,108885.55,108413.5549,108247.95,0.5303,0.5855689758650305,0.055268975865030545,VERIFIED,Historical File
107,2025-08-31 23:00:00,108831.1072,108247.95,108228.446,108218.5,0.5538,0.027206057943819806,-0.5265939420561802,VERIFIED,Historical File
108,2025-09-04 12:00:00,110788.8179,110963.5,109852.5339,110477.38,0.8451,0.4380900025684079,-0.40700999743159205,VERIFIED,Historical File
109,2025-09-04 13:00:00,110908.0182,110477.38,109955.2286,109850.3,0.8591,0.5676094056539011,-0.2914905943460989,VERIFIED,Historical File
110,2025-09-04 14:00:00,110422.1413,109850.3,109428.8823,109505.32,0.8995,0.3140455692883824,-0.5854544307116176,VERIFIED,Historical File
111,2025-09-04 15:00:00,109795.3749,109505.32,108758.5064,109434.5,0.9444,0.06467265699968457,-0.8797273430003154,VERIFIED,Historical File
112,2025-09-04 16:00:00,109450.5673,109434.5,108412.4131,109789.33,0.9485,-0.3242396136501759,-1.2727396136501758,VERIFIED,Historical File
113,2025-09-04 17:00:00,109379.7827,109789.33,108367.4193,109983.47,0.9255,-0.17682956986803672,-1.1023295698680367,VERIFIED,Historical File
114,2025-09-04 18:00:00,109734.4353,109983.47,108726.665,109808.31,0.9184,0.15926029611541034,-0.7591397038845896,VERIFIED,Historical File
115,2025-09-04 19:00:00,109928.4783,109808.31,108922.024,110411.38,0.9156,-0.5492025148187847,-1.4648025148187847,VERIFIED,Historical File
116,2025-09-04 20:00:00,109753.4058,110411.38,108764.3615,110490.13,0.9012,-0.0713241696643951,-0.9725241696643951,VERIFIED,Historical File
117,2025-09-04 21:00:00,110356.1743,110490.13,109345.3222,111486.08,0.916,-0.9013927307353127,-1.8173927307353126,VERIFIED,Historical File
118,2025-09-04 22:00:00,110434.8849,111486.08,109467.1177,110720.79,0.8763,0.6864444422119858,-0.18985555778801422,VERIFIED,Historical File
119,2025-09-04 23:00:00,111430.337,110720.79,110376.9386,110459.22,0.9453,0.23624289530447934,-0.7090571046955207,VERIFIED,Historical File
120,2025-09-06 02:00:00,110822.9708,111219.71,109660.5188,111093.53,1.0489,0.11345111401567902,-0.935448885984321,VERIFIED,Historical File
121,2025-09-06 03:00:00,111164.1001,111093.53,110018.7896,110875.03,1.0303,0.1966811208537527,-0.8336188791462473,VERIFIED,Historical File
122,2025-09-06 04:00:00,111037.9832,110875.03,109934.0411,110723.12,0.9942,0.1370101094899397,-0.8571898905100603,VERIFIED,Historical File
123,2025-09-06 05:00:00,110819.5925,110723.12,109754.416,110759.55,0.9612,-0.03290189077042587,-0.9941018907704259,VERIFIED,Historical File
124,2025-09-06 06:00:00,110667.7584,110759.55,109656.4556,110838.71,0.9138,-0.07147013508090588,-0.9852701350809059,VERIFIED,Historical File
125,2025-09-06 07:00:00,110704.1702,110838.71,109750.9987,110956.54,0.861,-0.10630762483611292,-0.9673076248361129,VERIFIED,Historical File
126,2025-09-06 08:00:00,110783.2906,110956.54,109888.4024,110700.03,0.8078,0.23118060458625941,-0.5766193954137405,VERIFIED,Historical File
127,2025-09-06 09:00:00,110901.0617,110700.03,110044.8544,110789.08,0.772,-0.08044261595954663,-0.8524426159595466,VERIFIED,Historical File
128,2025-09-06 10:00:00,110644.68,110789.08,109816.5819,110796.75,0.7484,-0.006923064980770897,-0.7553230649807708,VERIFIED,Historical File
129,2025-09-06 11:00:00,110733.6855,110796.75,109949.6168,110839.29,0.7081,-0.03839462800126682,-0.7464946280012668,VERIFIED,Historical File
130,2025-09-06 15:00:00,110766.599,110398.38,110099.7953,110288.98,0.602,0.09909565701961272,-0.5029043429803872,VERIFIED,Historical File
131,2025-09-06 16:00:00,110343.1808,110288.98,109657.3563,110176.79,0.6215,0.10172367175759747,-0.5197763282424026,VERIFIED,Historical File
132,2025-09-06 23:00:00,110146.3093,110212.6,109568.6797,110385.69,0.5244,-0.15705100868684388,-0.6814510086868438,VERIFIED,Historical File
133,2025-09-07 00:00:00,110157.4937,110385.69,109599.5162,110574.57,0.5065,-0.1711091356135063,-0.6776091356135062,VERIFIED,Historical File
134,2025-09-07 01:00:00,110330.4972,110574.57,109788.0965,110678.63,0.4916,-0.09410843741015468,-0.5857084374101547,VERIFIED,Historical File
135,2025-09-07 02:00:00,110519.2827,110678.63,109981.6489,110641.71,0.4865,0.03335783972027685,-0.45314216027972315,VERIFIED,Historical File
136,2025-09-07 03:00:00,110623.2907,110641.71,110091.8747,110564.49,0.4804,0.06979284756173884,-0.4106071524382612,VERIFIED,Historical File
137,2025-09-07 04:00:00,110586.3891,110564.49,110074.4329,110667.08,0.4629,-0.09278747634072793,-0.5556874763407279,VERIFIED,Historical File
138,2025-09-07 05:00:00,110509.2078,110667.08,110015.4855,110517.48,0.4468,0.13518021800160068,-0.3116197819983993,VERIFIED,Historical File
139,2025-09-09 08:00:00,112943.43,113000.01,112060.735,112961.93,0.7815,0.033699112062027026,-0.747800887937973,VERIFIED,Historical File
140,2025-09-09 09:00:00,112943.51,112961.93,112087.3761,112735.96,0.758,0.20004084561939284,-0.5579591543806072,VERIFIED,Historical File
141,2025-09-09 10:00:00,112905.449,112735.96,112089.367,112439.83,0.7228,0.2626757247643118,-0.4601242752356882,VERIFIED,Historical File
142,2025-09-10 02:00:00,110953.8053,111406.87,110068.0602,111541.36,0.7983,-0.12071966477471743,-0.9190196647747174,VERIFIED,Historical File
143,2025-09-10 03:00:00,111351.1666,111541.36,110453.4166,111517.87,0.8062,0.021059452744708544,-0.7851405472552915,VERIFIED,Historical File
144,2025-09-10 04:00:00,111485.5893,111517.87,110620.7633,111578.55,0.7757,-0.05441280397483163,-0.8301128039748316,VERIFIED,Historical File
145,2025-09-10 05:00:00,111462.1111,111578.55,110626.6688,111787.21,0.7495,-0.18700726976645915,-0.9365072697664591,VERIFIED,Historical File
146,2025-09-10 06:00:00,111522.7607,111787.21,110699.0417,112536.82,0.7386,-0.6705686634454876,-1.4091686634454876,VERIFIED,Historical File
147,2025-09-10 07:00:00,111731.3164,112536.82,110888.2266,112366.85,0.7546,0.15103501236306582,-0.6035649876369342,VERIFIED,Historical File
148,2025-09-10 08:00:00,112480.5516,112366.85,111582.0097,112261.56,0.7988,0.09370201264875552,-0.7050979873512444,VERIFIED,Historical File
149,2025-09-10 09:00:00,112310.6666,112261.56,111404.7076,112262.04,0.8067,-0.0004275728931576627,-0.8071275728931576,VERIFIED,Historical File
